{"current":{"display_preloader":true,"pre_loader_img":"shopify:\/\/shop_images\/Pink_Diamond_Jewelry_Shop_Logo_800x224_cc0d4faf-fb07-47f6-ba32-6857922186d7.png","preloader_bg":"#ffffff","search_title1":"18ct Diamond Rings","search_url1":"https:\/\/olt-jewellery.myshopify.com\/search?type=product&q=18ct+Diamond+Rings","search_title2":"Wedding ring","search_url2":"https:\/\/olt-jewellery.myshopify.com\/search?type=product&q=wedding+ring","search_title3":"24ct necklace","search_url3":"https:\/\/olt-jewellery.myshopify.com\/search?type=product&q=24ct+necklace","display_body_bg_img":false,"color_body_bg":"#ffffff","color_body_text":"#666666","price_color":"#222222","color_accent":"#666666","link_hover_color":"#111111","title_color":"#111111","color_borders":"#e5e5e5","meta_color":"#666666","color_btn_primary":"#222222","color_btn_secondary":"#ce465b","color_btn_text":"#ffffff","color_btn_hover_text":"#ffffff","icon_background_color":"#ffffff","icon_background_hovercolor":"#ce465b","icon_color":"#111111","icon_hovercolor":"#ffffff","color_footer_social_link":"#666666","color_footer_social_link_hover":"#ce465b","color_footer_bg":"#f1f1f1","color_copyright_bg":"#f1f1f1","bottom_text_color":"#666666","bottom_text_linkcolor":"#666666","footer_title_color":"#111111","footer_border_color":"#e5e5e5","footer_color_content":"#666666","body_font":"Google+Roboto","type_base_size":"13px","line_height":"18px","letter_space":"1px","type_header_family":"Google+Jost","type_subheader_family":"Google+Roboto","favicon":"shopify:\/\/shop_images\/Pink_Diamond_Jewelry_Shop_Logo_1600x1600_fa28c954-6f52-4ac8-a543-fe7e84b242d3.jpg","enable_category_image":false,"enable_breadcrumb_bg":false,"breadcrumb_parallax":"shopify:\/\/shop_images\/breadcrumb_3526f87d-01f0-4e79-ab4f-2737451c0ceb.jpg","breadcrumb_bg_color":"#f5f5f5","breadcrumb_text_color":"#111111","enable_full_header":true,"header_style_1":"style_1","mailchimp_form_action":"https:\/\/TemplateTrip.us5.list-manage.com\/subscribe\/post?u=53b61777f972e1b53c67d2963&amp;id=6f5d8a7e6e","popup_newsletter_show":false,"popup_newsletter_title":"Join Our Newsletter And Get 5% DIscount On Your First Purchase","popup_newsletter_description":"Be the first to learn about our latest trends and get exclusive offers","popup_newsletter_delay_first":"5000","popup_newsletter_delay":"1","enable_multiple_currencies":false,"currency_1_unit":"USA","currency_2_unit":"EUR","currency_3_unit":"GBP","currency_4_unit":"AUD","currency_5_unit":"INR","currency_6_unit":"","currency_7_unit":"","currency_8_unit":"","currency_9_unit":"","currency_10_unit":"","collections_show_rating":false,"sale_show_percentage":true,"collections_view_enable":true,"collections_masonry":false,"enable_quick_view":true,"enable_add_cart":true,"enable_wishlist":true,"enable_compare":false,"enable_quantity":false,"enable_countdown":true,"display_color_variant":false,"display_size_variant":false,"show_vendor":false,"collection_infinite_scroll":false,"new_label":true,"new_products_period":"7","collection_products_per_row":"3","collection_sort_enable":true,"collection_sidebar_use":"left_sidebar","collection_filter_pos":"left_filter","Collection_type":"show_category","collection_grid_column":"4","product_image_width_height":"360x469","product_img_hover":"zoom_img","product_hover_btn":"style3","text_color":"#111111","product_layout":"design_1","related_title":"Related Products","related_subtitle":"Add our unique pieces to your weekly lineup.","related_title_color":"#111111","related_subtitle_color":"#666666","recently_title":"Recently Viewed Products","recently_subtitle":"Add our new arrivals to your weekly lineup.","recently_title_color":"#111111","recently_subtitle_color":"#666666","cart_notes_enable":true,"use_ajax_cart":true,"show_recent_articles":true,"show_recent_articles_img":true,"blog_article_limit":5,"show_blog_tags":true,"show_footer_tweets":false,"tweet_heading":"Twitter feeds","tweet_embcode":"<a class=\"twitter-timeline\" href=\"https:\/\/twitter.com\/TemplateTrip?ref_src=twsrc%5Etfw\">Tweets by TemplateTrip<\/a> <script async=\"\" src=\"https:\/\/platform.twitter.com\/widgets.js\" charset=\"utf-8\"><\/script>","cookie_bg":"#111111","cookie_style":"bottom_to_left","cookie_desc":"By continuing use this site, you agree to the","cookie_txt_clr":"#ffffff","link_title":"Privacy Policy","link_url":"shopify:\/\/policies\/privacy-policy","cookie_txt_link_clr":"#aaaaaa","cookie_txt_link_hvrclr":"#ffffff","c_btn_txt":"Accept","btn_bg_clr":"#ce465b","btn_txt_clr":"#ffffff","btn_bg_hvr_clr":"#ffffff","btn_txt_hvr_clr":"#111111","footer_style_1":"style_1","social_twitter_link":"","social_facebook_link":"https:\/\/www.facebook.com\/once.loved.treasures.au","social_pinterest_link":"","social_google_plus_link":"https:\/\/plus.google.com\/+shopify","social_instagram_link":"https:\/\/www.instagram.com\/oncelovedtreasures.au\/","social_tumblr_link":"","social_snapchat_link":"","social_youtube_link":"","social_vimeo_link":"","social_fancy_link":"","share_facebook":true,"share_twitter":true,"share_google":true,"share_pinterest":true,"share_instagram":true,"password_bg_img":false,"password_logo":true,"pwd_logo_max_width":"100","pwd_header":"Opening Soon","pwd_show_share_buttons":true,"pwd_social_message":"Spread the word","pwd_newsletter_enable":true,"pwd_newsletter_form_heading":"Be the first to know when we launch.","pwd_newsletter_placeholder":"Email address","pwd_newsletter_button_text":"Notify me","checkout_header_image":"","checkout_logo_image":"shopify:\/\/shop_images\/Pink_Diamond_Jewelry_Shop_Logo_800x224_cc0d4faf-fb07-47f6-ba32-6857922186d7.png","checkout_logo_position":"left","checkout_logo_size":"medium","checkout_body_background_image":"","checkout_body_background_color":"#ffffff","checkout_input_background_color_mode":"transparent","checkout_sidebar_background_image":"","checkout_sidebar_background_color":"#ffffff","checkout_heading_font":"Oswald","checkout_body_font":"Roboto","checkout_accent_color":"#999999","checkout_button_color":"#ce465b","checkout_error_color":"#ff2525","enable_ajax_search_full":true,"product_variant_change_on_hover":true,"product_options_type_large_text":"Size","newsletter-bg":"shopify:\/\/shop_images\/pop-up-img-1.png","newsletter-bg1":"shopify:\/\/shop_images\/pop-up-img-2.png","display_toogle_menu":true,"custom_css":"","base_font":"Google+Roboto+Slab","type_slider_banner":"Google+Oswald","display_preloader_text":false,"pre_loader_text":"shades","preloader_text_color":"#e9ad3f","enable_ajax_search":true,"description_bg_color":"#ec2017","product_title_color":"#e5e5e5","product_title_hover_color":"#ffffff","main_price_color":"#ffffff","compare_price_color":"#ffffff","discount_price_color":"#e5e5e5","social_icons_show":true,"product_image_width":"305","product_image_height":"366","color_menu_bg":"#111111","header_icons_color":"#ffffff","header_icon_hovercolor":"#ffffff","description_text_color":"#ffffff","type_header_transform":false,"type_buttons_transform":false,"type_menu_size":"14px","type_navigation_transform":true,"color_menu_text":"#000000","header_color_menu_text":"#000000","color_menu_text_hover":"#ffb715","header_border_color":"#e5e5e5","header_background_color":"#ffffff","header_title_color":"#111111","collection_page_sidebar":"left_sidebar","share_linkedin":true,"body_padding":"with_padding","toggle_menu_position":"disable_menutoggle","blog_design_4_datecolor":"#000","blog_design_4_authorcolor":"#000","blog_design_commentcolor":"#000","blog_btn_bg":"#000","blog_btn_text":"#ffffff","blog_btn_hover_bg":"#000","blog_hover_btn_text":"#ffffff","slide_button_bg_color":"#000000","slide_button_bg_hover_color":"#ffc446","slide_button_txt_color":"#ffffff","slide_button_txt_hover_color":"#000000","header_icon_color":"light_icon","product_icon_color":"dark_icon","product_icon_hovercolor":"light_icon","btn_background_color":"#000000","btn_background_hovercolor":"#fdd413","btn_text_color":"#ffffff","btn_text_hovercolor":"#000000","show_blog_sidebar":true,"show_blog_4_content":true,"show_blog_4_img":true,"show_blog_4_author":true,"show_blog_4_btn":true,"show_blog_4_date":true,"show_blog_4_tag":true,"show_blog_masonry":true,"show_facebook_share":true,"show_twitter_share":true,"show_google_plus_share":true,"show_pinterest_share":true,"show_linkedin_share":true,"blog_column":"col_3","blogpage_article_limit":10,"blog_design":"design_1","show_product":"true","collection_sort_enable_masonry":true,"collection_grid":"4","collection_filter_po":"top","collection_infinite_scrolling":true,"thumb_position":"horizontal_bottom","quk_thumb_position":"vertical_left","blog_design_4_describg":"#000","blog_design_4_title":"#000","blog_design_4_titlehover":"#000","blog_design_4_tag":"#000","blog_design_4_taghover":"#000","color_hover":"#ffffff","collections_show_sale_circle":true,"collections_show_sold_out_circle":true,"collections_sort_enable":true,"enable_product_detail_link_icon":true,"collection_results_per_page":"12","type_base_family":"Google_Poppins_400,700_sans,500,600,700,800","ajax_cart_method":"","background_image":"","background_image_repeat":"tiled","background_use_image":false,"border_width":"1","checkout_banner_background_color":"#ffffff","checkout_call_to_action_color":"#8fc243","checkout_headline":"","checkout_logo":"","checkout_use_header_image":false,"color_footer_border":"#e7e7e7","color_footer_link":"#d14800","color_footer_text":"#777777","color_hover_text":"#d14800","product_details_enable":false,"sections":{"article-template":{"type":"article-template","settings":{"social_sharing":true,"enable_left_sidebar":true}},"header-style-1":{"type":"header-style-1","blocks":{"1547040638186":{"type":"tt_mm_menu","settings":{"title":"Home","button_link":"\/","tt_mn_show_sub":false,"tt_mn_sub_contentwidth":"","tt_mn_class":"home","tt_mn_sub_heading":"","tt_mn_subheading_bg":"#222222","tt_mn_subheading_color":"#ffffff","tt_sub_menu_cwidth":"","tt_sub_menu_ctitle":"","tt_sub_menu_clink":"","tt_sub_menu_clinklist":"","tt_sub_menu_csecondtitle":"","tt_sub_menu_csecondlink":"","tt_sub_menu_csecondlinklist":"","tt_sub_menu_cthirdtitle":"","tt_sub_menu_cthirdlink":"","tt_sub_menu_cthirdlinklist":"","tt_sub_menu_cfourthtitle":"","tt_sub_menu_cfourthlink":"","tt_sub_menu_cfourthlinklist":"","tt_sub_menu_first_title":"","tt_sub_menu_first_link":"","tt_sub_menu_first_width":"","tt_sub_menu_second_title":"","tt_sub_menu_second_link":"","tt_sub_menu_second_width":"","tt_sub_menu_third_title":"","tt_sub_menu_third_link":"","tt_sub_menu_third_width":"","tt_sub_menu_forth_title":"","tt_sub_menu_forth_link":"","tt_sub_menu_forth_width":""}},"1547093938311":{"type":"tt_mm_menu","settings":{"title":"Shop","button_link":"#","tt_mn_show_sub":true,"tt_mn_sub_contentwidth":"100%","tt_mn_class":"","tt_mn_sub_heading":"","tt_mn_subheading_bg":"#febb01","tt_mn_subheading_color":"#111111","tt_sub_menu_cwidth":"260px","tt_sub_menu_ctitle":"Collection","tt_sub_menu_clink":"","tt_sub_menu_clinklist":"collection","tt_sub_menu_csecondtitle":"","tt_sub_menu_csecondlink":"","tt_sub_menu_csecondlinklist":"","tt_sub_menu_cthirdtitle":"Trending","tt_sub_menu_cthirdlink":"","tt_sub_menu_cthirdlinklist":"trending","tt_sub_menu_cfourthtitle":"","tt_sub_menu_cfourthlink":"","tt_sub_menu_cfourthlinklist":"","tt_sub_menu_first_img":"shopify:\/\/shop_images\/10off_first_order.jpg","tt_sub_menu_first_title":"","tt_sub_menu_first_link":"#","tt_sub_menu_first_width":"","tt_sub_menu_second_img":"shopify:\/\/shop_images\/golden_gifts_under_500.jpg","tt_sub_menu_second_title":"","tt_sub_menu_second_link":"shopify:\/\/collections\/under-500","tt_sub_menu_second_width":"","tt_sub_menu_third_title":"","tt_sub_menu_third_link":"","tt_sub_menu_third_width":"","tt_sub_menu_forth_title":"","tt_sub_menu_forth_link":"","tt_sub_menu_forth_width":""}},"1551758677377":{"type":"tt_mm_menu","settings":{"title":"Brand names","button_link":"","tt_mn_show_sub":true,"tt_mn_sub_contentwidth":"280px","tt_mn_class":"pages","tt_mn_sub_heading":"","tt_mn_subheading_bg":"#febb01","tt_mn_subheading_color":"#ffffff","tt_sub_menu_cwidth":"","tt_sub_menu_ctitle":"","tt_sub_menu_clink":"","tt_sub_menu_clinklist":"brand-names","tt_sub_menu_csecondtitle":"","tt_sub_menu_csecondlink":"","tt_sub_menu_csecondlinklist":"","tt_sub_menu_cthirdtitle":"","tt_sub_menu_cthirdlink":"","tt_sub_menu_cthirdlinklist":"","tt_sub_menu_cfourthtitle":"","tt_sub_menu_cfourthlink":"","tt_sub_menu_cfourthlinklist":"","tt_sub_menu_first_title":"","tt_sub_menu_first_link":"","tt_sub_menu_first_width":"","tt_sub_menu_second_title":"","tt_sub_menu_second_link":"","tt_sub_menu_second_width":"","tt_sub_menu_third_title":"","tt_sub_menu_third_link":"","tt_sub_menu_third_width":"","tt_sub_menu_forth_title":"","tt_sub_menu_forth_link":"","tt_sub_menu_forth_width":""}},"e1f1bc7e-fba1-4daf-a058-0baced150edf":{"type":"tt_mm_menu","settings":{"title":"About Us","button_link":"shopify:\/\/pages\/about-us","tt_mn_show_sub":false,"tt_mn_sub_contentwidth":"540px","tt_mn_class":"","tt_mn_sub_heading":"","tt_mn_subheading_bg":"#febb01","tt_mn_subheading_color":"#ffffff","tt_sub_menu_cwidth":"","tt_sub_menu_ctitle":"","tt_sub_menu_clink":"","tt_sub_menu_clinklist":"","tt_sub_menu_csecondtitle":"","tt_sub_menu_csecondlink":"","tt_sub_menu_csecondlinklist":"","tt_sub_menu_cthirdtitle":"","tt_sub_menu_cthirdlink":"","tt_sub_menu_cthirdlinklist":"","tt_sub_menu_cfourthtitle":"","tt_sub_menu_cfourthlink":"","tt_sub_menu_cfourthlinklist":"","tt_sub_menu_first_title":"","tt_sub_menu_first_link":"","tt_sub_menu_first_width":"","tt_sub_menu_second_title":"","tt_sub_menu_second_link":"","tt_sub_menu_second_width":"","tt_sub_menu_third_title":"","tt_sub_menu_third_link":"","tt_sub_menu_third_width":"","tt_sub_menu_forth_title":"","tt_sub_menu_forth_link":"","tt_sub_menu_forth_width":""}},"b2719a77-36ee-410b-ae10-c42b6639374e":{"type":"tt_mm_menu","settings":{"title":"FAQ","button_link":"shopify:\/\/pages\/faq","tt_mn_show_sub":false,"tt_mn_sub_contentwidth":"540px","tt_mn_class":"","tt_mn_sub_heading":"","tt_mn_subheading_bg":"#febb01","tt_mn_subheading_color":"#ffffff","tt_sub_menu_cwidth":"","tt_sub_menu_ctitle":"","tt_sub_menu_clink":"","tt_sub_menu_clinklist":"","tt_sub_menu_csecondtitle":"","tt_sub_menu_csecondlink":"","tt_sub_menu_csecondlinklist":"","tt_sub_menu_cthirdtitle":"","tt_sub_menu_cthirdlink":"","tt_sub_menu_cthirdlinklist":"","tt_sub_menu_cfourthtitle":"","tt_sub_menu_cfourthlink":"","tt_sub_menu_cfourthlinklist":"","tt_sub_menu_first_title":"","tt_sub_menu_first_link":"","tt_sub_menu_first_width":"","tt_sub_menu_second_title":"","tt_sub_menu_second_link":"","tt_sub_menu_second_width":"","tt_sub_menu_third_title":"","tt_sub_menu_third_link":"","tt_sub_menu_third_width":"","tt_sub_menu_forth_title":"","tt_sub_menu_forth_link":"","tt_sub_menu_forth_width":""}},"fe00c5c4-bfef-426e-9e66-fb976da821fa":{"type":"tt_mm_menu","settings":{"title":"Blog","button_link":"","tt_mn_show_sub":true,"tt_mn_sub_contentwidth":"280px","tt_mn_class":"blog","tt_mn_sub_heading":"","tt_mn_subheading_bg":"#febb01","tt_mn_subheading_color":"#ffffff","tt_sub_menu_cwidth":"Submenu 1","tt_sub_menu_ctitle":"","tt_sub_menu_clink":"","tt_sub_menu_clinklist":"blog-cathegory","tt_sub_menu_csecondtitle":"","tt_sub_menu_csecondlink":"","tt_sub_menu_csecondlinklist":"","tt_sub_menu_cthirdtitle":"","tt_sub_menu_cthirdlink":"","tt_sub_menu_cthirdlinklist":"","tt_sub_menu_cfourthtitle":"","tt_sub_menu_cfourthlink":"","tt_sub_menu_cfourthlinklist":"","tt_sub_menu_first_title":"","tt_sub_menu_first_link":"","tt_sub_menu_first_width":"","tt_sub_menu_second_title":"","tt_sub_menu_second_link":"","tt_sub_menu_second_width":"","tt_sub_menu_third_title":"","tt_sub_menu_third_link":"","tt_sub_menu_third_width":"","tt_sub_menu_forth_title":"","tt_sub_menu_forth_link":"","tt_sub_menu_forth_width":""}},"d62eaba9-83e1-47c7-a24c-7db714eef2bc":{"type":"tt_mm_menu","disabled":true,"settings":{"title":"Look Book","button_link":"shopify:\/\/collections","tt_mn_show_sub":true,"tt_mn_sub_contentwidth":"100%","tt_mn_class":"","tt_mn_sub_heading":"","tt_mn_subheading_bg":"#febb01","tt_mn_subheading_color":"#ffffff","tt_sub_menu_cwidth":"","tt_sub_menu_ctitle":"","tt_sub_menu_clink":"","tt_sub_menu_clinklist":"","tt_sub_menu_csecondtitle":"","tt_sub_menu_csecondlink":"","tt_sub_menu_csecondlinklist":"","tt_sub_menu_cthirdtitle":"","tt_sub_menu_cthirdlink":"","tt_sub_menu_cthirdlinklist":"","tt_sub_menu_cfourthtitle":"","tt_sub_menu_cfourthlink":"","tt_sub_menu_cfourthlinklist":"","tt_sub_menu_first_title":"Bracelet","tt_sub_menu_first_link":"#","tt_sub_menu_first_width":"360px","tt_sub_menu_second_title":"Earrings","tt_sub_menu_second_link":"#","tt_sub_menu_second_width":"360px","tt_sub_menu_third_title":"Pendant","tt_sub_menu_third_link":"#","tt_sub_menu_third_width":"360px","tt_sub_menu_forth_title":"Rings","tt_sub_menu_forth_link":"#","tt_sub_menu_forth_width":"360px"}},"11f10eab-4c39-4573-b517-aeb06f1d94d6":{"type":"tt_mm_menu1","disabled":true,"settings":{"title1":"Women collection","button_link1":"","tt_mn_show_sub1":false,"tt_sub_menu_ctitle1":"","tt_sub_menu_clink1":"","tt_sub_menu_ctitle1_show":false,"tt_sub_menu_clinklist1":""}},"fe50d911-6a65-4bf6-9ef9-f9756ec7c24c":{"type":"tt_mm_menu1","disabled":true,"settings":{"title1":"Bag & Back Pack","button_link1":"","tt_mn_show_sub1":true,"tt_sub_menu_ctitle1":"","tt_sub_menu_clink1":"","tt_sub_menu_ctitle1_show":false,"tt_sub_menu_clinklist1":""}},"c43d3f07-7f1d-4aa5-8654-3bbc089b5ff0":{"type":"tt_mm_menu1","disabled":true,"settings":{"title1":"Dresses","button_link1":"","tt_mn_show_sub1":true,"tt_sub_menu_ctitle1":"","tt_sub_menu_clink1":"","tt_sub_menu_ctitle1_show":true,"tt_sub_menu_clinklist1":""}},"d0241341-0acd-4fd3-958b-e6b6c7babaab":{"type":"tt_mm_menu1","disabled":true,"settings":{"title1":"Outerwear","button_link1":"","tt_mn_show_sub1":true,"tt_sub_menu_ctitle1":"","tt_sub_menu_clink1":"","tt_sub_menu_ctitle1_show":true,"tt_sub_menu_clinklist1":""}},"27eb0e97-90af-4e47-91f5-eb78c95281e9":{"type":"tt_mm_menu1","disabled":true,"settings":{"title1":"Shirts & Pants","button_link1":"","tt_mn_show_sub1":true,"tt_sub_menu_ctitle1":"","tt_sub_menu_clink1":"","tt_sub_menu_ctitle1_show":true,"tt_sub_menu_clinklist1":""}},"93b96ce8-a155-4d84-a7d6-c87ac19ce22d":{"type":"tt_mm_menu1","disabled":true,"settings":{"title1":"Footwear","button_link1":"","tt_mn_show_sub1":false,"tt_sub_menu_ctitle1":"","tt_sub_menu_clink1":"","tt_sub_menu_ctitle1_show":false,"tt_sub_menu_clinklist1":""}},"5fg5c0ed-9e19-401f-95ec-5c49eb5636c0":{"type":"tt_mm_menu1","disabled":true,"settings":{"title1":"Swimwear","button_link1":"","tt_mn_show_sub1":true,"tt_sub_menu_ctitle1":"","tt_sub_menu_clink1":"","tt_sub_menu_ctitle1_show":true,"tt_sub_menu_clinklist1":""}},"cbbfa6d6-5cfa-49d1-ad5a-7b4cdce1be8d":{"type":"tt_mm_menu","settings":{"title":"Contact","button_link":"shopify:\/\/pages\/contact","tt_mn_show_sub":false,"tt_mn_sub_contentwidth":"540px","tt_mn_class":"","tt_mn_sub_heading":"","tt_mn_subheading_bg":"#febb01","tt_mn_subheading_color":"#ffffff","tt_sub_menu_cwidth":"","tt_sub_menu_ctitle":"","tt_sub_menu_clink":"","tt_sub_menu_clinklist":"","tt_sub_menu_csecondtitle":"","tt_sub_menu_csecondlink":"","tt_sub_menu_csecondlinklist":"","tt_sub_menu_cthirdtitle":"","tt_sub_menu_cthirdlink":"","tt_sub_menu_cthirdlinklist":"","tt_sub_menu_cfourthtitle":"","tt_sub_menu_cfourthlink":"","tt_sub_menu_cfourthlinklist":"","tt_sub_menu_first_title":"","tt_sub_menu_first_link":"","tt_sub_menu_first_width":"","tt_sub_menu_second_title":"","tt_sub_menu_second_link":"","tt_sub_menu_second_width":"","tt_sub_menu_third_title":"","tt_sub_menu_third_link":"","tt_sub_menu_third_width":"","tt_sub_menu_forth_title":"","tt_sub_menu_forth_link":"","tt_sub_menu_forth_width":""}}},"block_order":["1547040638186","1547093938311","1551758677377","e1f1bc7e-fba1-4daf-a058-0baced150edf","b2719a77-36ee-410b-ae10-c42b6639374e","fe00c5c4-bfef-426e-9e66-fb976da821fa","d62eaba9-83e1-47c7-a24c-7db714eef2bc","11f10eab-4c39-4573-b517-aeb06f1d94d6","fe50d911-6a65-4bf6-9ef9-f9756ec7c24c","c43d3f07-7f1d-4aa5-8654-3bbc089b5ff0","d0241341-0acd-4fd3-958b-e6b6c7babaab","27eb0e97-90af-4e47-91f5-eb78c95281e9","93b96ce8-a155-4d84-a7d6-c87ac19ce22d","5fg5c0ed-9e19-401f-95ec-5c49eb5636c0","cbbfa6d6-5cfa-49d1-ad5a-7b4cdce1be8d"],"settings":{"sticky_header":true,"color_menu_bg":"#ffffff","color_bottom_bg":"#ffffff","announcement_bar":true,"top_bg_color":"#222222","top_header_text_color":"#ffffff","destination":"Join Our Newsletter And Get 5% DIscount On Your First Purchase","main_txt_header":"#111111","contact_number":"0447387430","email":"info@oncelovedtreasures.com.au","display_currency":false,"display_language":false,"display_myaccount":true,"display_compare":false,"logo":"shopify:\/\/shop_images\/Pink_Diamond_Jewelry_Shop_Logo_800x224_cc0d4faf-fb07-47f6-ba32-6857922186d7.png","display_wishlist":true,"display_cart":true,"menu_text_color":"#111111","menu_text_hover_color":"#ffffff","menu_bg_color":"#272727","count_color":"#ffffff","countbgcolor":"#222222","more_menu_category":"10"}},"footer-model-1":{"type":"footer-model-1","settings":{"footer_contact_title":"Store Information","contact_address":"<p>City Plaza. 222 City Walk,<br\/>Unit 113, level 1, 39 Ainslie place<br\/>Canberra, Australia 2601<\/p>","contact_no":"0447387430","contact_email":"info@oncelovedtreasures.com.au","footer_col_title_1":"Legal Information","col_1_menu":"legal-info-footer","footer_col_title_2":"Featured Collections","col_2_menu":"featured-collections-footer","newsletter_title":"Newsletter Signup","newsletter_title_color":"#111111","btn_txt_color":"#222222","btn_hovertxt_color":"#ce465b","footer_col_title_3":"My product","col_3_menu":""}},"footer-model-2":{"type":"footer-model-2","settings":{"newsletter_bg_color":"#111111","newsletter_title":"Sign Up For Newsletter","newsletter_title_color":"#ffffff","btn_txt_color":"#ffffff","btn_hovertxt_color":"#ce465b","footer_contact_title":"Store Information","contact_address":"<p>4030, Central Bazzar,<br\/>Varachha Road, Surat.<\/p>","contact_no":"092770-77088","contact_email":"sales@yourcompany.com","footer_col_title_1":"Quick Links","col_1_menu":"footer","show_logo":true,"footer_logo":"shopify:\/\/shop_images\/footer-logo.png","footer_desc":"Cum sociis natoque penatibus et magnis dis parturient montes, nascetur ridiculus mus. Maecenas vitae risus. Vivamus eget accumsan elit, tincidunt pharetra orci.ProducerCum sociis natoque penatibu","footer_col_title_2":"Our Company","col_2_menu":"footer-menu-2"}},"faq":{"type":"faq","blocks":{"1515838707365":{"type":"text","settings":{"title":"WHAT IS LOREM IPSUM?","description":"Lorem Ipsum is simply dummy text of the printing and typesetting industry. Lorem Ipsum has been the industry's standard dummy text ever since the 1500s, when an unknown printer took a galley of type and scrambled it to make a type specimen book."}},"1515838710078":{"type":"text","settings":{"title":"WHY DO WE USE IT?","description":"It is a long established fact that a reader will be distracted by the readable content of a page when looking at its layout."}},"1515838714117":{"type":"text","settings":{"title":"WHERE DOES IT COME FROM?","description":"Contrary to popular belief, Lorem Ipsum is not simply random text. It has roots in a piece of classical Latin literature from 45 BC, making it over 2000 years old."}}},"block_order":["1515838707365","1515838710078","1515838714117"],"settings":{}},"sidebar-blog-listing":{"type":"sidebar-blog-listing","settings":{"title":"Blog posts","blog":"","post_limit":"3","blog_show_author":false,"blog_show_date":true,"show_view_all":false}},"blogleft_inner_content":{"type":"blogleft_inner_content","settings":{"show_blog_4_content":true,"show_blog_4_img":true,"show_blog_4_btn":true,"show_blog_4_date":true,"show_blog_4_tag":true,"show_blog_masonry":true,"show_facebook_share":true,"show_twitter_share":true,"show_pinterest_share":true,"show_linkedin_share":true,"blog_column":"col_2","blogpage_article_limit":6,"blog_btn_text":"#ffffff","blog_btn_hover_bg":"#ffaa01","blog_hover_btn_text":"#111111"}},"bloglist_inner_content":{"type":"bloglist_inner_content","settings":{"show_blog_4_content":true,"show_blog_4_img":true,"show_blog_4_btn":true,"show_blog_4_date":true,"show_blog_4_tag":true,"show_facebook_share":true,"show_twitter_share":true,"show_pinterest_share":true,"show_linkedin_share":true,"blogpage_article_limit":6,"blog_btn_text":"#fff","blog_btn_hover_bg":"#ffc600","blog_hover_btn_text":"#000000"}},"footer-model-3":{"type":"footer-model-3","settings":{"newsletter_title":"Sign Up For Newsletter","newsletter_title_color":"#111111","btn_txt_color":"#222222","btn_hovertxt_color":"#ce465b","footer_col_title_1":"Information","col_1_menu":"footer","icon_bg_color":"#222222","icon_color":"#ffffff","footer_contact_title":"Store Information","contact_address":"<p>4030, Central Bazzar,<br\/>Varachha Road, Surat.<\/p>","contact_title":"Phone No","contact_no":"092770-77088","email_title":"Email Address","contact_email":"sales@yourcompany.com"}},"header-style-3":{"type":"header-style-3","blocks":{"1547004638186":{"type":"tt_mm_menu","settings":{"title":"Home","button_link":"#","tt_mn_show_sub":false,"tt_mn_sub_contentwidth":"","tt_mn_class":"home","tt_mn_sub_heading":"","tt_mn_subheading_bg":"#222222","tt_mn_subheading_color":"#ffffff","tt_sub_menu_cwidth":"","tt_sub_menu_ctitle":"","tt_sub_menu_clink":"","tt_sub_menu_clinklist":"","tt_sub_menu_csecondtitle":"","tt_sub_menu_csecondlink":"","tt_sub_menu_csecondlinklist":"","tt_sub_menu_cthirdtitle":"","tt_sub_menu_cthirdlink":"","tt_sub_menu_cthirdlinklist":"","tt_sub_menu_cfourthtitle":"","tt_sub_menu_cfourthlink":"","tt_sub_menu_cfourthlinklist":"","tt_sub_menu_first_title":"","tt_sub_menu_first_link":"","tt_sub_menu_first_width":"","tt_sub_menu_second_title":"","tt_sub_menu_second_link":"","tt_sub_menu_second_width":"","tt_sub_menu_third_title":"","tt_sub_menu_third_link":"","tt_sub_menu_third_width":"","tt_sub_menu_forth_title":"","tt_sub_menu_forth_link":"","tt_sub_menu_forth_width":""}},"1540793938311":{"type":"tt_mm_menu","settings":{"title":"Shop","button_link":"#","tt_mn_show_sub":true,"tt_mn_sub_contentwidth":"100%","tt_mn_class":"","tt_mn_sub_heading":"HOT","tt_mn_subheading_bg":"#222222","tt_mn_subheading_color":"#ffffff","tt_sub_menu_cwidth":"260px","tt_sub_menu_ctitle":"Category Page Layout","tt_sub_menu_clink":"","tt_sub_menu_clinklist":"","tt_sub_menu_csecondtitle":"Product Page Layout","tt_sub_menu_csecondlink":"","tt_sub_menu_csecondlinklist":"","tt_sub_menu_cthirdtitle":"Product Extended","tt_sub_menu_cthirdlink":"","tt_sub_menu_cthirdlinklist":"","tt_sub_menu_cfourthtitle":"Product Hover Effect","tt_sub_menu_cfourthlink":"","tt_sub_menu_cfourthlinklist":"","tt_sub_menu_first_title":"","tt_sub_menu_first_link":"#","tt_sub_menu_first_width":"","tt_sub_menu_second_title":"","tt_sub_menu_second_link":"#","tt_sub_menu_second_width":"","tt_sub_menu_third_title":"","tt_sub_menu_third_link":"","tt_sub_menu_third_width":"","tt_sub_menu_forth_title":"","tt_sub_menu_forth_link":"","tt_sub_menu_forth_width":""}},"1557158677377":{"type":"tt_mm_menu","settings":{"title":"Pages","button_link":"#","tt_mn_show_sub":true,"tt_mn_sub_contentwidth":"280px","tt_mn_class":"pages","tt_mn_sub_heading":"","tt_mn_subheading_bg":"#febb01","tt_mn_subheading_color":"#ffffff","tt_sub_menu_cwidth":"","tt_sub_menu_ctitle":"","tt_sub_menu_clink":"","tt_sub_menu_clinklist":"","tt_sub_menu_csecondtitle":"","tt_sub_menu_csecondlink":"","tt_sub_menu_csecondlinklist":"","tt_sub_menu_cthirdtitle":"","tt_sub_menu_cthirdlink":"","tt_sub_menu_cthirdlinklist":"","tt_sub_menu_cfourthtitle":"","tt_sub_menu_cfourthlink":"","tt_sub_menu_cfourthlinklist":"","tt_sub_menu_first_title":"","tt_sub_menu_first_link":"","tt_sub_menu_first_width":"","tt_sub_menu_second_title":"","tt_sub_menu_second_link":"","tt_sub_menu_second_width":"","tt_sub_menu_third_title":"","tt_sub_menu_third_link":"","tt_sub_menu_third_width":"","tt_sub_menu_forth_title":"","tt_sub_menu_forth_link":"","tt_sub_menu_forth_width":""}},"fe0c05c4-bfef-426e-9e66-fb976da821fa":{"type":"tt_mm_menu","settings":{"title":"Blog","button_link":"#","tt_mn_show_sub":true,"tt_mn_sub_contentwidth":"280px","tt_mn_class":"blog","tt_mn_sub_heading":"","tt_mn_subheading_bg":"#febb01","tt_mn_subheading_color":"#ffffff","tt_sub_menu_cwidth":"","tt_sub_menu_ctitle":"","tt_sub_menu_clink":"","tt_sub_menu_clinklist":"","tt_sub_menu_csecondtitle":"","tt_sub_menu_csecondlink":"","tt_sub_menu_csecondlinklist":"","tt_sub_menu_cthirdtitle":"","tt_sub_menu_cthirdlink":"","tt_sub_menu_cthirdlinklist":"","tt_sub_menu_cfourthtitle":"","tt_sub_menu_cfourthlink":"","tt_sub_menu_cfourthlinklist":"","tt_sub_menu_first_title":"","tt_sub_menu_first_link":"","tt_sub_menu_first_width":"","tt_sub_menu_second_title":"","tt_sub_menu_second_link":"","tt_sub_menu_second_width":"","tt_sub_menu_third_title":"","tt_sub_menu_third_link":"","tt_sub_menu_third_width":"","tt_sub_menu_forth_title":"","tt_sub_menu_forth_link":"","tt_sub_menu_forth_width":""}},"d6e2aba9-83e1-47c7-a24c-7db714eef2bc":{"type":"tt_mm_menu","settings":{"title":"Look Book","button_link":"shopify:\/\/collections","tt_mn_show_sub":true,"tt_mn_sub_contentwidth":"100%","tt_mn_class":"","tt_mn_sub_heading":"","tt_mn_subheading_bg":"#febb01","tt_mn_subheading_color":"#ffffff","tt_sub_menu_cwidth":"","tt_sub_menu_ctitle":"","tt_sub_menu_clink":"","tt_sub_menu_clinklist":"","tt_sub_menu_csecondtitle":"","tt_sub_menu_csecondlink":"","tt_sub_menu_csecondlinklist":"","tt_sub_menu_cthirdtitle":"","tt_sub_menu_cthirdlink":"","tt_sub_menu_cthirdlinklist":"","tt_sub_menu_cfourthtitle":"","tt_sub_menu_cfourthlink":"","tt_sub_menu_cfourthlinklist":"","tt_sub_menu_first_title":"Dresses","tt_sub_menu_first_link":"#","tt_sub_menu_first_width":"360px","tt_sub_menu_second_title":"Foot wear","tt_sub_menu_second_link":"#","tt_sub_menu_second_width":"360px","tt_sub_menu_third_title":"Back pack","tt_sub_menu_third_link":"#","tt_sub_menu_third_width":"360px","tt_sub_menu_forth_title":"Lingerie","tt_sub_menu_forth_link":"#","tt_sub_menu_forth_width":"360px"}},"111f0eab-4c39-4573-b517-aeb0f61d94d6":{"type":"tt_mm_menu1","settings":{"title1":"Women collection","button_link1":"shopify:\/\/collections\/fashion","tt_mn_show_sub1":false,"tt_sub_menu_ctitle1":"","tt_sub_menu_clink1":"","tt_sub_menu_ctitle1_show":false,"tt_sub_menu_clinklist1":""}},"f5e0d911-6a65-4bf6-9ef9-9f756ec7c24c":{"type":"tt_mm_menu1","settings":{"title1":"Bag & Back Pack","button_link1":"","tt_mn_show_sub1":true,"tt_sub_menu_ctitle1":"","tt_sub_menu_clink1":"","tt_sub_menu_ctitle1_show":false,"tt_sub_menu_clinklist1":""}},"c43d30f7-7f1d-4aa5-8654-3bbc089b5ff0":{"type":"tt_mm_menu1","settings":{"title1":"Dresses","button_link1":"","tt_mn_show_sub1":true,"tt_sub_menu_ctitle1":"","tt_sub_menu_clink1":"","tt_sub_menu_ctitle1_show":true,"tt_sub_menu_clinklist1":""}},"d0421341-0acd-4fd3-958b-6eb6c7babaab":{"type":"tt_mm_menu1","settings":{"title1":"Outerwear","button_link1":"","tt_mn_show_sub1":true,"tt_sub_menu_ctitle1":"","tt_sub_menu_clink1":"","tt_sub_menu_ctitle1_show":true,"tt_sub_menu_clinklist1":""}},"27be0e97-90af-4e47-91f5-be78c95281e9":{"type":"tt_mm_menu1","settings":{"title1":"Shirts & Pants","button_link1":"","tt_mn_show_sub1":true,"tt_sub_menu_ctitle1":"","tt_sub_menu_clink1":"","tt_sub_menu_ctitle1_show":true,"tt_sub_menu_clinklist1":""}},"939b6ce8-a155-4d84-a7d6-8c7ac19ce22d":{"type":"tt_mm_menu1","settings":{"title1":"Footwear","button_link1":"","tt_mn_show_sub1":false,"tt_sub_menu_ctitle1":"","tt_sub_menu_clink1":"","tt_sub_menu_ctitle1_show":false,"tt_sub_menu_clinklist1":""}},"5de8c0ed-9e19-401f-95ec-c549eb5636c0":{"type":"tt_mm_menu1","settings":{"title1":"Swimwear","button_link1":"","tt_mn_show_sub1":true,"tt_sub_menu_ctitle1":"","tt_sub_menu_clink1":"","tt_sub_menu_ctitle1_show":true,"tt_sub_menu_clinklist1":""}}},"block_order":["1547004638186","1540793938311","1557158677377","fe0c05c4-bfef-426e-9e66-fb976da821fa","d6e2aba9-83e1-47c7-a24c-7db714eef2bc","111f0eab-4c39-4573-b517-aeb0f61d94d6","f5e0d911-6a65-4bf6-9ef9-9f756ec7c24c","c43d30f7-7f1d-4aa5-8654-3bbc089b5ff0","d0421341-0acd-4fd3-958b-6eb6c7babaab","27be0e97-90af-4e47-91f5-be78c95281e9","939b6ce8-a155-4d84-a7d6-8c7ac19ce22d","5de8c0ed-9e19-401f-95ec-c549eb5636c0"],"settings":{"sticky_header":true,"color_menu_bg":"#ffffff","top_bg_color":"#f5f5f5","top_header_text_color":"#666666","destination":"Hurrah! Get Free Shipping on All Orders Over $99!","main_txt_header":"#111111","contact_number":"+01-987-654-3210","email":"contact@store.com","display_currency":true,"display_language":true,"display_compare":true,"display_wishlist":true,"display_myaccount":true,"display_cart":true,"nav_menu":"main-menu","bottom_menu_bg_color":"#111111","menu_text_color":"#ffffff","menu_text_hover_color":"#111111","menuvr_text_color":"#666666","menuvr_text_hover_color":"#111111","menu_bg_color":"#ffffff","menuvr_bg_color":"#111111","count_color":"#111111","countbgcolor":"#ffffff","header_background_color":"#ffffff","header_icon_color":"#111111","more_menu_category":"6"}},"aboutus-page-img":{"type":"aboutus-page-img","settings":{"about_subtitle_color":"#666666","about_subtitle":"COLLECTION 2021","about_title_color":"#111111","about_title":"The Latest Trends in Fashion","about_desc_color":"#666666","about_desc":"Apparently we had reached a great height in the atmosphere, for the sky was a dead black and there a stars.","about_btn_url":"#","about_btn":"Shop Now","about_us":"shopify:\/\/shop_images\/about-11.jpg","about_sub_title1_color":"#111111","about_sub_title1":"Minimal Cozy Theme for Fashion","about_sub_desc1_color":"#666666","about_sub_desc1":"With all his cruel ferocity and coldness there was an under of something in Tars Tarkas which he seemed ever battling to subdue. Could it be a of some human \ninstinct come back","about_sub_title2_color":"#111111","about_sub_title2":"Up to 40% Off  on All Items.","about_sub_desc2_color":"#666666","about_sub_desc2":"With all his cruel ferocity and coldness there was an under of something in Tars Tarkas which he seemed ever battling to subdue. Could it be a of some human instinct come back.","video_img":"shopify:\/\/shop_images\/about-3.jpg","video_url":"https:\/\/www.youtube.com\/embed\/gJpXlRkW6Fw","video_btn_color":"#ffffff","video_btn_hover_color":"#ffffff","about1_subtitle_color":"#666666","about1_subtitle":"ABOUT US","about1_title_color":"#111111","about1_title":"Best Price, Best Selection!","about1_desc_color":"#666666","about1_desc":"Most journeys start with a series of questions. For us they were: why are \nwe paying so much for razors? Why are so many of us (a third of women \nto be exact) using men’s razors? Why can’t we find razors without animal \ningredients in them? We were confused. The campaigns showing girls in \nwhite bikinis shaving already hairless legs didn’t have the answers were looking for. Our interviews with hundreds of women on their shaving and \nhabits made it clear we weren’t alone. That was all needed to start going to the bottom with overlooked shaving glitch. All of that led to the birth of Estrid — a fierce and female-focused.","about1_btn_url":"#","about1_btn":"Shop Now","about1_us":"shopify:\/\/shop_images\/about-2.jpg","bg_color":"#f5f5f5","service_1":"shopify:\/\/shop_images\/services-01_3fba3f12-9833-4d82-80f6-973d6c03a59a.png","service_title1_color":"#111111","service_title1":"Shop Worldwide","service_desc1_color":"#666666","service_desc1":"Excepteur sint occaecat cupidatat non proident,   sunt in culpa qui officia deserunt mollit anim id  est laborum.","service_2":"shopify:\/\/shop_images\/services-02_3d52549e-3357-4700-a701-ccabbb0fb017.png","service_title2_color":"#111111","service_title2":"Big Saving Shop","service_desc2_color":"#666666","service_desc2":"Excepteur sint occaecat cupidatat non proident,   sunt in culpa qui officia deserunt mollit anim id  est laborum.","service_3":"shopify:\/\/shop_images\/services-03_56c76d29-b9d1-467d-af01-384444d74e99.png","service_title3_color":"#111111","service_title3":"24H 7D Support","service_desc3_color":"#666666","service_desc3":"Excepteur sint occaecat cupidatat non proident,   sunt in culpa qui officia deserunt mollit anim id  est laborum."}},"aboutus-team":{"type":"aboutus-team","blocks":{"1570173823217":{"type":"text","settings":{"image_1":"shopify:\/\/shop_images\/6.jpg","image_heading":"JOHN DOE","author_name":"JOHN DOE","author_designation":"web developer","facebook":"","twitter":"","instagram":""}},"1570173875415":{"type":"text","settings":{"image_1":"shopify:\/\/shop_images\/2.jpg","image_heading":"JOHN BUFFER","author_name":"JOHN BUFFER","author_designation":"web developer","facebook":"","twitter":"","instagram":""}},"1570173906227":{"type":"text","settings":{"image_1":"shopify:\/\/shop_images\/1.jpg","image_heading":"SANDRA ELLIPS","author_name":"SANDRA ELLIPS","author_designation":"graphics designer","facebook":"","twitter":"","instagram":""}},"1570174004731":{"type":"text","settings":{"image_1":"shopify:\/\/shop_images\/7.jpg","image_heading":"CRAIG WILSON","author_name":"CRAIG WILSON","author_designation":"web designer","facebook":"","twitter":"","instagram":""}},"1570173938187":{"type":"text","settings":{"image_1":"shopify:\/\/shop_images\/5.jpg","image_heading":"JHON SMITH","author_name":"JHON SMITH","author_designation":"developer","facebook":"","twitter":"","instagram":""}}},"block_order":["1570173823217","1570173875415","1570173906227","1570174004731","1570173938187"],"settings":{"title":"Our Team","title_color":"#111111","subtitle":"Add our new arrivals to your weekly lineup.","subtitle_color":"#666666","ourteam_column":"4"}},"1580215063672":{"type":"slideshow","blocks":{"1580215063672-0":{"type":"image","settings":{"image":"shopify:\/\/shop_images\/slider-01_8bea5528-4dde-4a92-b3b8-1dc6d0f23bcf.jpg","image_link":"#","show_video":false,"video_url":"https:\/\/www.youtube.com\/watch?v=P00HwM_S_Js","title":"Comfort First Desgin","desc":"The All New Gorgeous Collection of\n2022, Shopping With Us!","btn_txt":"Shop<br>Now","btn_link":"#","title_color":"#111111","desc_color":"#111111","btn_txt_color":"#ffffff","btn_hovertxt_color":"#ffffff","text_position":"right","text_effect":"right"}},"1580215063672-1":{"type":"image","settings":{"image":"shopify:\/\/shop_images\/slider-02_584f7bc3-809d-438c-bd2f-021510fd6bb4.jpg","image_link":"#","show_video":false,"video_url":"https:\/\/www.youtube.com\/watch?v=QMinLipeN3g","title":"Cozy. Summer Shop","desc":"The All New Gorgeous Collection of\n2020, Shopping With Us!","btn_txt":"Shop<br>Now","btn_link":"#","title_color":"#111111","desc_color":"#111111","btn_txt_color":"#ffffff","btn_hovertxt_color":"#ffffff","text_position":"center","text_effect":"left"}}},"block_order":["1580215063672-0","1580215063672-1"],"settings":{"slider_animation_type":"fade","slide_button_txt_color":"#111111","slide_button_txt_hover_color":"#111111"}},"1594641441503":{"type":"feature-blogs","settings":{"title":"Latest News","desc":"Add our new arrivals to your weekly lineup.","desc_color":"#777777","blog":"cozy-fashion","blog_design":"design_1","product_col":"3","post_limit":"6","blog_btn_text":"#111111","blog_btn_hover_bg":"#222222","blog_hover_btn_text":"#ffffff","blog_date_color":"#666666","blog_bgdate_color":"#ffffff","show_view_all":false,"blog_show_date":true}},"1595650811758":{"type":"product-tab-model","blocks":{"1595656887930":{"type":"text_block","settings":{"title":"For Men","collection":"shoes"}},"1595650811758-0":{"type":"text_block","settings":{"title":"For Women","collection":"shoes"}},"1595656854289":{"type":"text_block","settings":{"title":"For Kids","collection":"shoes"}},"65b4e405-5718-4b99-933f-1d88f23e3aa7":{"type":"text_block","settings":{"title":"Accessories","collection":"shoes"}}},"block_order":["1595656887930","1595650811758-0","1595656854289","65b4e405-5718-4b99-933f-1d88f23e3aa7"],"settings":{"product_rows":true,"product_col":"4","title":"New In Trends","title_clr":"#111111","subtitle_clr":"#666666","subtitle":"Add our new arrivals to your weekly lineup.","button_bg":"rgba(0,0,0,0)","button_text":"#222222","button_hover_bg":"#111111","button_hover_text":"#ffffff"}},"recommendations-product":{"type":"recommendations-product","blocks":{"1598010410945":{"type":"text_block","settings":{"add_product":"53ct-diamond-in-18ct-white-gold-ring","product_location":"Brisbane, QLD","product_time":"About 35 Minutes Ago"}},"1598010431448":{"type":"text_block","settings":{"add_product":"18ct-gold-diamond-antique-ring-circa-1881","product_location":"Sydney, VIC","product_time":"About 92 Minute Ago"}},"1598010548574":{"type":"text_block","settings":{"add_product":"9ct-gold-celtic-ring","product_location":"Perth, WA","product_time":"About 7 Minute Ago"}}},"block_order":["1598010410945","1598010431448","1598010548574"],"settings":{"show_notification":false,"notify_product_pos":"right","product_title":"Product Notification","delay_time":"3000"}},"password-header":{"type":"password-header","settings":{"logo":"shopify:\/\/shop_images\/logo.png","logo_max_width":100}},"password-content":{"type":"password-content","settings":{}},"1605783755d6d9f598":{"type":"our_brand","blocks":{"1605783755d6d9f598-0":{"type":"brand_image","settings":{"image":"shopify:\/\/shop_images\/01.png","link":"#"}},"1605783755d6d9f598-1":{"type":"brand_image","settings":{"image":"shopify:\/\/shop_images\/02.png","link":"#"}},"1605783755d6d9f598-2":{"type":"brand_image","settings":{"image":"shopify:\/\/shop_images\/03.png","link":"#"}},"1605783755d6d9f598-3":{"type":"brand_image","settings":{"image":"shopify:\/\/shop_images\/04.png","link":"#"}},"1605783755d6d9f598-4":{"type":"brand_image","settings":{"image":"shopify:\/\/shop_images\/05.png","link":"#"}},"1605783755d6d9f598-5":{"type":"brand_image","settings":{"image":"shopify:\/\/shop_images\/06.png","link":"#"}},"fe3f5195-5da5-4a16-b714-43fb3e5da4bd":{"type":"brand_image","settings":{"image":"shopify:\/\/shop_images\/07.png","link":"#"}}},"block_order":["1605783755d6d9f598-0","1605783755d6d9f598-1","1605783755d6d9f598-2","1605783755d6d9f598-3","1605783755d6d9f598-4","1605783755d6d9f598-5","fe3f5195-5da5-4a16-b714-43fb3e5da4bd"],"settings":{"addclass":"brands","title":"","bg_color":"#ffffff"}},"header-style-2":{"type":"header-style-2","blocks":{"1546334169353":{"type":"tt_mm_menu","settings":{"title":"Home","button_link":"#","tt_mn_show_sub":false,"tt_mn_sub_contentwidth":"","tt_mn_class":"home","tt_mn_sub_heading":"","tt_mn_subheading_bg":"#222222","tt_mn_subheading_color":"#ffffff","tt_sub_menu_cwidth":"","tt_sub_menu_ctitle":"","tt_sub_menu_clink":"","tt_sub_menu_clinklist":"","tt_sub_menu_csecondtitle":"","tt_sub_menu_csecondlink":"","tt_sub_menu_csecondlinklist":"","tt_sub_menu_cthirdtitle":"","tt_sub_menu_cthirdlink":"","tt_sub_menu_cthirdlinklist":"","tt_sub_menu_cfourthtitle":"","tt_sub_menu_cfourthlink":"","tt_sub_menu_cfourthlinklist":"","tt_sub_menu_first_title":"","tt_sub_menu_first_link":"","tt_sub_menu_first_width":"","tt_sub_menu_second_title":"","tt_sub_menu_second_link":"","tt_sub_menu_second_width":"","tt_sub_menu_third_title":"","tt_sub_menu_third_link":"","tt_sub_menu_third_width":"","tt_sub_menu_forth_title":"","tt_sub_menu_forth_link":"","tt_sub_menu_forth_width":""}},"1546336324532":{"type":"tt_mm_menu","settings":{"title":"Shop","button_link":"#","tt_mn_show_sub":true,"tt_mn_sub_contentwidth":"100%","tt_mn_class":"","tt_mn_sub_heading":"HOT","tt_mn_subheading_bg":"#222222","tt_mn_subheading_color":"#ffffff","tt_sub_menu_cwidth":"260px","tt_sub_menu_ctitle":"Category Page Layout","tt_sub_menu_clink":"","tt_sub_menu_clinklist":"","tt_sub_menu_csecondtitle":"Product Page Layout","tt_sub_menu_csecondlink":"","tt_sub_menu_csecondlinklist":"","tt_sub_menu_cthirdtitle":"Product Extended","tt_sub_menu_cthirdlink":"","tt_sub_menu_cthirdlinklist":"","tt_sub_menu_cfourthtitle":"Product Hover Effect","tt_sub_menu_cfourthlink":"","tt_sub_menu_cfourthlinklist":"","tt_sub_menu_first_title":"","tt_sub_menu_first_link":"#","tt_sub_menu_first_width":"","tt_sub_menu_second_title":"","tt_sub_menu_second_link":"#","tt_sub_menu_second_width":"","tt_sub_menu_third_title":"","tt_sub_menu_third_link":"","tt_sub_menu_third_width":"","tt_sub_menu_forth_title":"","tt_sub_menu_forth_link":"","tt_sub_menu_forth_width":""}},"1578461030122":{"type":"tt_mm_menu","settings":{"title":"Pages","button_link":"#","tt_mn_show_sub":true,"tt_mn_sub_contentwidth":"280px","tt_mn_class":"pages","tt_mn_sub_heading":"","tt_mn_subheading_bg":"#febb01","tt_mn_subheading_color":"#ffffff","tt_sub_menu_cwidth":"","tt_sub_menu_ctitle":"","tt_sub_menu_clink":"","tt_sub_menu_clinklist":"","tt_sub_menu_csecondtitle":"","tt_sub_menu_csecondlink":"","tt_sub_menu_csecondlinklist":"","tt_sub_menu_cthirdtitle":"","tt_sub_menu_cthirdlink":"","tt_sub_menu_cthirdlinklist":"","tt_sub_menu_cfourthtitle":"","tt_sub_menu_cfourthlink":"","tt_sub_menu_cfourthlinklist":"","tt_sub_menu_first_title":"","tt_sub_menu_first_link":"","tt_sub_menu_first_width":"","tt_sub_menu_second_title":"","tt_sub_menu_second_link":"","tt_sub_menu_second_width":"","tt_sub_menu_third_title":"","tt_sub_menu_third_link":"","tt_sub_menu_third_width":"","tt_sub_menu_forth_title":"","tt_sub_menu_forth_link":"","tt_sub_menu_forth_width":""}},"1546336893064":{"type":"tt_mm_menu","settings":{"title":"Blog","button_link":"#","tt_mn_show_sub":true,"tt_mn_sub_contentwidth":"280px","tt_mn_class":"blog","tt_mn_sub_heading":"","tt_mn_subheading_bg":"#febb01","tt_mn_subheading_color":"#ffffff","tt_sub_menu_cwidth":"","tt_sub_menu_ctitle":"","tt_sub_menu_clink":"","tt_sub_menu_clinklist":"","tt_sub_menu_csecondtitle":"","tt_sub_menu_csecondlink":"","tt_sub_menu_csecondlinklist":"","tt_sub_menu_cthirdtitle":"","tt_sub_menu_cthirdlink":"","tt_sub_menu_cthirdlinklist":"","tt_sub_menu_cfourthtitle":"","tt_sub_menu_cfourthlink":"","tt_sub_menu_cfourthlinklist":"","tt_sub_menu_first_title":"","tt_sub_menu_first_link":"","tt_sub_menu_first_width":"","tt_sub_menu_second_title":"","tt_sub_menu_second_link":"","tt_sub_menu_second_width":"","tt_sub_menu_third_title":"","tt_sub_menu_third_link":"","tt_sub_menu_third_width":"","tt_sub_menu_forth_title":"","tt_sub_menu_forth_link":"","tt_sub_menu_forth_width":""}},"1568180528967":{"type":"tt_mm_menu","settings":{"title":"Look Book","button_link":"shopify:\/\/collections","tt_mn_show_sub":true,"tt_mn_sub_contentwidth":"100%","tt_mn_class":"","tt_mn_sub_heading":"","tt_mn_subheading_bg":"#febb01","tt_mn_subheading_color":"#ffffff","tt_sub_menu_cwidth":"","tt_sub_menu_ctitle":"","tt_sub_menu_clink":"","tt_sub_menu_clinklist":"","tt_sub_menu_csecondtitle":"","tt_sub_menu_csecondlink":"","tt_sub_menu_csecondlinklist":"","tt_sub_menu_cthirdtitle":"","tt_sub_menu_cthirdlink":"","tt_sub_menu_cthirdlinklist":"","tt_sub_menu_cfourthtitle":"","tt_sub_menu_cfourthlink":"","tt_sub_menu_cfourthlinklist":"","tt_sub_menu_first_title":"Dresses","tt_sub_menu_first_link":"#","tt_sub_menu_first_width":"360px","tt_sub_menu_second_title":"Foot wear","tt_sub_menu_second_link":"#","tt_sub_menu_second_width":"360px","tt_sub_menu_third_title":"Back Pack","tt_sub_menu_third_link":"#","tt_sub_menu_third_width":"360px","tt_sub_menu_forth_title":"Lingerie","tt_sub_menu_forth_link":"#","tt_sub_menu_forth_width":"360px"}},"11f10eab-4c39-4573-b517-aeb0f61d94d6":{"type":"tt_mm_menu1","settings":{"title1":"Women collection","button_link1":"shopify:\/\/collections\/fashion","tt_mn_show_sub1":false,"tt_sub_menu_ctitle1":"","tt_sub_menu_clink1":"","tt_sub_menu_ctitle1_show":false,"tt_sub_menu_clinklist1":""}},"fe50d911-6a65-4bf6-9ef9-9f756ec7c24c":{"type":"tt_mm_menu1","settings":{"title1":"Bag & Back Pack","button_link1":"","tt_mn_show_sub1":true,"tt_sub_menu_ctitle1":"","tt_sub_menu_clink1":"","tt_sub_menu_ctitle1_show":false,"tt_sub_menu_clinklist1":""}},"c43d3f07-7f1d-4aa5-8654-b3bc089b5ff0":{"type":"tt_mm_menu1","settings":{"title1":"Dresses","button_link1":"","tt_mn_show_sub1":true,"tt_sub_menu_ctitle1":"","tt_sub_menu_clink1":"","tt_sub_menu_ctitle1_show":true,"tt_sub_menu_clinklist1":""}},"d0241341-0acd-4fd3-958b-6eb6c7babaab":{"type":"tt_mm_menu1","settings":{"title1":"Outerwear","button_link1":"","tt_mn_show_sub1":true,"tt_sub_menu_ctitle1":"","tt_sub_menu_clink1":"","tt_sub_menu_ctitle1_show":true,"tt_sub_menu_clinklist1":""}},"27eb0e97-90af-4e47-91f5-be78c95281e9":{"type":"tt_mm_menu1","settings":{"title1":"Shirts & Pants","button_link1":"","tt_mn_show_sub1":true,"tt_sub_menu_ctitle1":"","tt_sub_menu_clink1":"","tt_sub_menu_ctitle1_show":true,"tt_sub_menu_clinklist1":""}},"93b96ce8-a155-4d84-a7d6-8c7ac19ce22d":{"type":"tt_mm_menu1","settings":{"title1":"Footwear","button_link1":"","tt_mn_show_sub1":true,"tt_sub_menu_ctitle1":"","tt_sub_menu_clink1":"","tt_sub_menu_ctitle1_show":true,"tt_sub_menu_clinklist1":""}},"5fg5c0ed-9e19-401f-95ec-c549eb5636c0":{"type":"tt_mm_menu1","settings":{"title1":"Swimwear","button_link1":"","tt_mn_show_sub1":true,"tt_sub_menu_ctitle1":"","tt_sub_menu_clink1":"","tt_sub_menu_ctitle1_show":true,"tt_sub_menu_clinklist1":""}}},"block_order":["1546334169353","1546336324532","1578461030122","1546336893064","1568180528967","11f10eab-4c39-4573-b517-aeb0f61d94d6","fe50d911-6a65-4bf6-9ef9-9f756ec7c24c","c43d3f07-7f1d-4aa5-8654-b3bc089b5ff0","d0241341-0acd-4fd3-958b-6eb6c7babaab","27eb0e97-90af-4e47-91f5-be78c95281e9","93b96ce8-a155-4d84-a7d6-8c7ac19ce22d","5fg5c0ed-9e19-401f-95ec-c549eb5636c0"],"settings":{"sticky_header":true,"color_menu_bg":"#ffffff","announcement_bar":true,"top_bg_color":"#222222","top_header_text_color":"#ffffff","destination":"Hurrah! Get Free Shipping on All Orders Over $99!","main_txt_header":"#111111","contact_number":"+01-987-654-3210","email":"contact@store.com","display_currency":true,"display_language":true,"display_myaccount":true,"display_compare":true,"display_wishlist":true,"display_cart":true,"count_color":"#ffffff","countbgcolor":"#222222","display_offer":true,"offer":"Price Drop","nav_menu":"main-menu","vr_menu_bg_color":"#111111","vr_menu_text_color":"#ffffff","menu_text_color":"#111111","menu_text_hover_color":"#ffffff","menu_bg_color":"#111111","more_menu_category":"10"}},"cart-template":{"type":"cart-template","blocks":{"e3e6b750-9084-4f84-8722-cdae85773cc9":{"type":"s_text","settings":{"policy_icon":"shopify:\/\/shop_images\/services-01_6aca64fa-610e-4b83-a3b0-946a4e2e812b.png","title":"Security policy","desc":"(edit with the Customer Reassurance module)"}},"051643af-9772-4112-a8b0-c35f0022a81a":{"type":"s_text","settings":{"policy_icon":"shopify:\/\/shop_images\/services-02_fd0a0187-98d3-4405-a7c6-9314972abc8a.png","title":"Delivery policy","desc":"(edit with the Customer Reassurance module)"}},"ee9c00f7-2c6f-4ef2-b8b7-392f3d81f915":{"type":"s_text","settings":{"policy_icon":"shopify:\/\/shop_images\/services-03_bd8d43ae-d069-4011-8d26-1a2f16f958ce.png","title":"Return policy","desc":"(edit with the Customer Reassurance module)"}}},"block_order":["e3e6b750-9084-4f84-8722-cdae85773cc9","051643af-9772-4112-a8b0-c35f0022a81a","ee9c00f7-2c6f-4ef2-b8b7-392f3d81f915"],"settings":{"icon_color":"#000000"}},"product-recommendations":{"type":"product-recommendations","settings":{"show_product_recommendations":true,"heading":"You may also like","show_vendor":false}},"1622269317139401f7":{"type":"gallery","blocks":{"6056c5f9-dcad-423f-abe7-ae1e3a254a64":{"type":"text","settings":{"gallery":"shopify:\/\/shop_images\/08.jpg","gallery_url":"#"}},"820e96b5-397a-4413-afaa-28f551724373":{"type":"text","settings":{"gallery":"shopify:\/\/shop_images\/12.jpg","gallery_url":"#"}},"b2b666f3-73df-4698-9520-be0f1e31d9c2":{"type":"text","settings":{"gallery":"shopify:\/\/shop_images\/11.jpg","gallery_url":"#"}},"9a7b4702-a36f-4fd8-9cd1-57fd9d9e7af0":{"type":"text","settings":{"gallery":"shopify:\/\/shop_images\/10.jpg","gallery_url":"#"}},"6fcee063-1f74-4c52-ba17-2cc1e2fad905":{"type":"text","settings":{"gallery":"shopify:\/\/shop_images\/09.jpg","gallery_url":"#"}},"a1df8012-c7a8-4e7e-bc00-33e122ab0b84":{"type":"text","settings":{"gallery":"shopify:\/\/shop_images\/07.jpg","gallery_url":"#"}}},"block_order":["6056c5f9-dcad-423f-abe7-ae1e3a254a64","820e96b5-397a-4413-afaa-28f551724373","b2b666f3-73df-4698-9520-be0f1e31d9c2","9a7b4702-a36f-4fd8-9cd1-57fd9d9e7af0","6fcee063-1f74-4c52-ba17-2cc1e2fad905","a1df8012-c7a8-4e7e-bc00-33e122ab0b84"],"settings":{"instagram_icon_color":"#ff5635","gallery_title":"","gallery_title_color":"#111111","gallery_subtitle":"","gallery_subtitle_color":"#666666"}},"1624555772afc3f83e":{"type":"cms-parallax","settings":{"bg_color":"#f5f5f5","parallax_enable":true,"image":"shopify:\/\/shop_images\/parallax-01.jpg","title":"New Collection, 2022","title_color":"#111111","subtitle":"All New Gorgeous Collection of 202","subtitle_color":"#111111"}},"1624559105db8c7d51":{"type":"cms-custom-block","settings":{"title":"Big Clearance Sale<br>\nGet Up to 70% OFF, Hurry Up!","title_color":"#111111","subtitle":"Never before sale, Last chance hurry up don’t miss it!","subtitle_color":"#666666","btn_txt":"Shop<br>Now","btn_link":"#","btn_txt_color":"#ffffff","btn_bg_color":"#111111","btn_hover_txt_color":"#ffffff","btn_hover_bg_color":"#ce465b"}},"162463944776d2ae01":{"type":"cms-services","blocks":{"162463944776d2ae01-0":{"type":"s_text","settings":{"service_icon":"shopify:\/\/shop_images\/services-01.png","title":"Free Shipping","desc":"world wide"}},"162463944776d2ae01-1":{"type":"s_text","settings":{"service_icon":"shopify:\/\/shop_images\/services-02.png","title":"Secure Checkout","desc":"Hustle Free Shop"}},"162463944776d2ae01-2":{"type":"s_text","settings":{"service_icon":"shopify:\/\/shop_images\/services-03.png","title":"Live Chat Support","desc":"24x7 Online Shop"}},"162463944776d2ae01-3":{"type":"s_text","settings":{"service_icon":"shopify:\/\/shop_images\/services-04.png","title":"Get Big Saving","desc":"On Exclusive Items"}}},"block_order":["162463944776d2ae01-0","162463944776d2ae01-1","162463944776d2ae01-2","162463944776d2ae01-3"],"settings":{"title_color":"#111111","title_hover_color":"#ce465b","desc_color":"#111111","icon_color":"#111111","icon_hover_color":"#ce465b"}},"16292932584eee7167":{"type":"special-product","settings":{"title":"Special Products","title_color":"#111111","subtitle":"Add our new arrivals to your weekly lineup.","subtitle_color":"#666666","collection":"shoes","product_col":"4"}},"1640092742fd43267a":{"type":"cms-subbanner2","settings":{"banner1_img":"shopify:\/\/shop_images\/banner-01_b324d8c0-fb86-4704-8ed8-37e6257ec11b.jpg","banner1_url":"#","text1_position":"right","banner1_title":"All New For Women’s","banner1_title_color":"#111111","banner1_desc":"All New Gorgeous Collection of 2021","banner1_desc_color":"#111111","banner1_bg_color":"","banner1_btn":"Shop<br>Now","btn1_txt_color":"#ffffff","btn1_bg_color":"#111111","btn1_hovertxt_color":"#ffffff","btn1_hoverbg_color":"#ce465b","banner2_img":"shopify:\/\/shop_images\/banner-02_1639d425-d1cd-43a6-bfa8-a92c96615e5c.jpg","banner2_url":"#","text2_position":"center","banner2_title":"Save up to 35%","banner2_title_color":"#ffffff","banner2_desc":"on Black Friday Season","banner2_desc_color":"#cccccc","banner2_bg_color":"","banner2_btn":"Shop<br>Now","btn2_txt_color":"#111111","btn2_bg_color":"#ffffff","btn2_hovertxt_color":"#ffffff","btn2_hoverbg_color":"#ce465b","banner3_img":"shopify:\/\/shop_images\/banner-03_5c851d54-222f-4f11-806f-c04e2a8b90d4.jpg","banner3_url":"#","text3_position":"center","banner3_title":"Styles Shoes","banner3_title_color":"#111111","banner3_desc":"Discover Best Of Collection For Women’s","banner3_desc_color":"#111111","banner3_bg_color":"#ffffff","banner3_btn":"","btn3_txt_color":"#ffffff","btn3_bg_color":"#111111","btn3_hovertxt_color":"#ffffff","btn3_hoverbg_color":"#ce465b"}},"password-footer":{"type":"password-footer","settings":{}},"footer-model-4":{"type":"footer-model-4","settings":{"footer_contact_title":"Store Information","contact_address":"<p>4030, Central Bazzar,<br\/>Varachha Road, Surat.<\/p>","contact_no":"0123-456-789","contact_email":"sales@yourcompany.com","footer_col_title_1":"Quick Shop","col_1_menu":"footer","footer_col_title_2":"My Account","col_2_menu":"footer-menu-2","footer_col_title_4":"About Us","footer_desc":"Cum sociis natoque penatibus et magnis  diprisus Vivamus egetdiprisus Viv accumsan penatibus  et magnis diprisus Vivamus elit...","newsletter_bg_color":"#f9f9f9","newsletter_title":"Sign Up For Newsletter","newsletter_title_color":"#111111","newsletter_desc":"Give your inbox some love with new products, tips, & more.","newsletter_desc_color":"#666","btn_txt_color":"#222222","btn_hovertxt_color":"#ce465b","footer_col_title_3":"My product","col_3_menu":"footer"}}},"content_for_index":["1580215063672","1595650811758","1640092742fd43267a","1624555772afc3f83e","16292932584eee7167","1624559105db8c7d51","1594641441503","1605783755d6d9f598","1622269317139401f7","162463944776d2ae01"]},"presets":{"Bone":{"ajax_cart_method":"drawer","background_image":"","background_image_repeat":"tiled","background_use_image":false,"border_width":"1","cart_notes_enable":true,"checkout_accent_color":"#2a9dcc","checkout_banner_background_color":"#ffffff","checkout_button_color":"#2a9dcc","checkout_call_to_action_color":"#8fc243","checkout_headline":"","checkout_logo":"","checkout_use_header_image":false,"color_accent":"#d14800","color_body_bg":"#ffffff","color_body_text":"#777777","color_borders":"#e7e7e7","color_btn_primary":"#d14800","color_btn_secondary":"#f0c1b7","color_btn_text":"#ffffff","color_footer_bg":"#ffffff","color_footer_border":"#e7e7e7","color_footer_link":"#d14800","color_footer_social_link":"#777777","color_footer_text":"#777777","color_hover":"#ffffff","color_hover_text":"#d14800","color_menu_bg":"#ffffff","color_menu_text":"#444444","product_details_enable":false,"share_facebook":true,"share_pinterest":true,"share_twitter":true,"social_facebook_link":"","social_fancy_link":"","social_google_plus_link":"","social_instagram_link":"","social_pinterest_link":"","social_tumblr_link":"","social_snapchat_link":"","social_twitter_link":"","social_vimeo_link":"","social_youtube_link":"","type_base_family":"Google_Raleway_500,800_sans","type_base_size":"15px","type_buttons_transform":false,"type_header_family":"Google_Raleway_500_sans","type_header_transform":false,"type_menu_size":"15px","type_navigation_transform":false,"sections":{"slideshow":{"type":"slideshow","blocks":{"slideshow-0":{"type":"image","settings":{}},"slideshow-1":{"type":"image","settings":{}}},"block_order":["slideshow-0","slideshow-1"],"settings":{"slider_animation_type":"slide"}},"article-template":{"type":"article-template","settings":{"social_sharing":true}}},"content_for_index":["slideshow"]},"Toy":{"ajax_cart_method":"drawer","background_image_repeat":"tiled","background_use_image":true,"border_width":"2","cart_notes_enable":true,"checkout_accent_color":"#2a9dcc","checkout_banner_background_color":"#ffffff","checkout_button_color":"#2a9dcc","checkout_call_to_action_color":"#8fc243","checkout_headline":"","checkout_logo":"","checkout_use_header_image":false,"color_accent":"#a5674d","color_body_bg":"#ffffff","color_body_text":"#111111","color_borders":"#f5eae7","color_btn_primary":"#a5674d","color_btn_secondary":"#d9c3ba","color_btn_text":"#ffffff","color_footer_bg":"#ffffff","color_footer_border":"#ffffff","color_footer_link":"#a5674d","color_footer_social_link":"#777777","color_footer_text":"#ffffff","color_hover":"#fdedcd","color_hover_text":"#4d483e","color_menu_bg":"#fdedcd","color_menu_text":"#4d483e","product_details_enable":true,"share_facebook":true,"share_pinterest":true,"share_twitter":true,"social_facebook_link":"","social_fancy_link":"","social_google_plus_link":"","social_instagram_link":"","social_pinterest_link":"","social_tumblr_link":"","social_snapchat_link":"","social_twitter_link":"","social_vimeo_link":"","social_youtube_link":"","type_base_family":"Google_Open+Sans_400,700_sans","type_base_size":"14px","type_buttons_transform":false,"type_header_family":"Google_Nunito_700_sans","type_header_transform":false,"type_menu_size":"15px","type_navigation_transform":false,"sections":{"slideshow":{"type":"slideshow","blocks":{"slideshow-0":{"type":"image","settings":{}},"slideshow-1":{"type":"image","settings":{}}},"block_order":["slideshow-0","slideshow-1"],"settings":{"slider_animation_type":"slide"}},"article-template":{"type":"article-template","settings":{"social_sharing":true}}},"content_for_index":["slideshow"]}}}