{"sections":{"collection":{"type":"collection","blocks":{"4b74bc70-7484-42b3-ba48-3b8140aa447f":{"type":"text_collection","settings":{"image_1":"shopify:\/\/shop_images\/25789_e.jpg","collection_title":"Bracelet","collection_cat_id":"bracelets-and-bangles"}},"2c08a7b6-7e0b-4d71-8fb8-38358d9d19d6":{"type":"text_collection","settings":{"collection_title":"Earrings","collection_cat_id":"earrings"}},"c4833f12-b373-4dde-82d7-96b54360c0be":{"type":"text_collection","settings":{"collection_title":"Jewelry Set","collection_cat_id":"jwellery"}},"2b019c22-4dc3-405d-b9d8-bc0438495494":{"type":"text_collection","settings":{"collection_title":"Pendant","collection_cat_id":"pendant"}},"8cadb356-1447-4719-938d-c2c3a96433e8":{"type":"text_collection","settings":{"collection_title":"Rings","collection_cat_id":"rings"}}},"block_order":["4b74bc70-7484-42b3-ba48-3b8140aa447f","2c08a7b6-7e0b-4d71-8fb8-38358d9d19d6","c4833f12-b373-4dde-82d7-96b54360c0be","2b019c22-4dc3-405d-b9d8-bc0438495494","8cadb356-1447-4719-938d-c2c3a96433e8"],"settings":{"enable_category":false,"title_1":"Category products","title_color":"#222222","enable_sidecategory":false,"linkedlist":"ring-stone","linkedlist_title":"Categories","show_filter":true,"collapse_on_larger_devices":false,"enable_sorting":false,"enable_sidebar_multiple_choice":true,"show_best_products":false,"title":"Best seller","bestseller":"rings","pro_img_width_height":"80x104","limit":"12","product_rows":false,"promo_link":"","promo_title":"About us"}}},"order":["collection"]}