{"wrapper":"div.container","sections":{"main":{"type":"aboutus-page-img","settings":{"about_subtitle_color":"","about_subtitle":"COLLECTION 2022","about_title_color":"#111111","about_title":"The Latest Trends in Fashion","about_desc_color":"#666666","about_desc":"Apparently we had reached a great height in the atmosphere, for the sky was a dead black and there a stars.","about_btn_url":"","about_btn":"Shop Now","about_us":"shopify:\/\/shop_images\/about-11_418c1205-03f6-4449-89c4-f0ae650cecc2.jpg","about_sub_title1_color":"#111111","about_sub_title1":"Minimal Cozy Theme for Fashion","about_sub_desc1_color":"#666666","about_sub_desc1":"With all his cruel ferocity and coldness there was an under of something in Tars Tarkas which he seemed ever battling to subdue. Could it be a of some human \ninstinct come back","about_sub_title2_color":"#111111","about_sub_title2":"Up to 40% Off  on All Items.","about_sub_desc2_color":"#666666","about_sub_desc2":"With all his cruel ferocity and coldness there was an under of something in Tars Tarkas which he seemed ever battling to subdue. Could it be a of some human instinct come back.","video_img":"shopify:\/\/shop_images\/about-3_3d5c3289-d7d6-4353-8b24-371323ddc597.jpg","video_url":"https:\/\/www.youtube.com\/embed\/FgBUwTPzlAI","video_btn_color":"#ffffff","video_btn_hover_color":"#222222","about1_subtitle_color":"","about1_subtitle":"","about1_title_color":"#222222","about1_title":"Keeping your ears safe and music loud","about1_desc_color":"#666666","about1_desc":"Headphones are a hardware device that can be plugged into a computer, laptop, smartphone, mp3 player or other device to privately listen to audio without disturbing anyone in the vicinity. They are plug-and-play devices and do not require any sort of installation before use.","about1_btn_url":"#","about1_btn":"Shop Now","about1_us":"shopify:\/\/shop_images\/about-2_a6bb33db-43ec-4a4c-aacc-0f8a36db4de6.jpg","bg_color":"#f1f3f8","service_1":"shopify:\/\/shop_images\/services-01_3fba3f12-9833-4d82-80f6-973d6c03a59a.png","service_title1_color":"#111111","service_title1":"Free Shipping","service_desc1_color":"#777777","service_desc1":"Excepteur sint occaecat cupidatat non proident,   sunt in culpa qui officia deserunt mollit anim id  est laborum.","service_2":"shopify:\/\/shop_images\/services-02_3d52549e-3357-4700-a701-ccabbb0fb017.png","service_title2_color":"#111111","service_title2":"Big Saving Shop","service_desc2_color":"#777777","service_desc2":"Excepteur sint occaecat cupidatat non proident,   sunt in culpa qui officia deserunt mollit anim id  est laborum.","service_3":"shopify:\/\/shop_images\/services-03_56c76d29-b9d1-467d-af01-384444d74e99.png","service_title3_color":"#111111","service_title3":"24H 7D Support","service_desc3_color":"#777777","service_desc3":"Excepteur sint occaecat cupidatat non proident,   sunt in culpa qui officia deserunt mollit anim id  est laborum."}},"team":{"type":"aboutus-team","blocks":{"1570173823217":{"type":"text","settings":{"image_1":"shopify:\/\/shop_images\/5.jpg","image_heading":"Lisa John","author_name":"Lisa John","author_designation":"Packaking Girl","facebook":"","twitter":"","instagram":""}},"1570173875415":{"type":"text","settings":{"image_1":"shopify:\/\/shop_images\/7.jpg","image_heading":"John Buffer","author_name":"John Buffer","author_designation":"Ceo Founder","facebook":"","twitter":"","instagram":""}},"1570173906227":{"type":"text","settings":{"image_1":"shopify:\/\/shop_images\/1.jpg","image_heading":"Sandra Ellips","author_name":"Sandra Ellips","author_designation":"Support Boss","facebook":"","twitter":"","instagram":""}},"1570174004731":{"type":"text","settings":{"image_1":"shopify:\/\/shop_images\/2.jpg","image_heading":"Craig Wilson","author_name":"Craig Wilson","author_designation":"Client Care","facebook":"","twitter":"","instagram":""}},"1570174049687":{"type":"text","settings":{"image_1":"shopify:\/\/shop_images\/6.jpg","image_heading":"Willie Bradley","author_name":"Willie Bradley","author_designation":"manager","facebook":"","twitter":"","instagram":""}}},"block_order":["1570173823217","1570173875415","1570173906227","1570174004731","1570174049687"],"settings":{"title":"Our Team","title_color":"#222222","subtitle":"Team Member","subtitle_color":"#777777","ourteam_column":"5"}}},"order":["main","team"]}