{"sections":{"collection":{"type":"collection","blocks":{"4b74bc70-7484-42b3-ba48-3b8140aa447f":{"type":"text_collection","settings":{"image_1":"shopify:\/\/shop_images\/Bracelet_3438f80d-f632-46dc-a6ae-cd7af885136e.jpg","collection_title":"Bracelet","collection_cat_id":"bracelet"}},"2c08a7b6-7e0b-4d71-8fb8-38358d9d19d6":{"type":"text_collection","settings":{"image_1":"shopify:\/\/shop_images\/Rings_c4df6b37-53dc-4e3e-8067-848ec93ada20.jpg","collection_title":"Earrings","collection_cat_id":"earrings"}},"c4833f12-b373-4dde-82d7-96b54360c0be":{"type":"text_collection","settings":{"image_1":"shopify:\/\/shop_images\/Jewelry_Set.jpg","collection_title":"Jewelry Set","collection_cat_id":"jwellery"}},"2b019c22-4dc3-405d-b9d8-bc0438495494":{"type":"text_collection","settings":{"image_1":"shopify:\/\/shop_images\/Pendant_01bc0ee0-5764-48c2-919e-d73ca19bd9b6.jpg","collection_title":"Pendant","collection_cat_id":"pendant"}},"8cadb356-1447-4719-938d-c2c3a96433e8":{"type":"text_collection","settings":{"image_1":"shopify:\/\/shop_images\/Rings_c4df6b37-53dc-4e3e-8067-848ec93ada20.jpg","collection_title":"Rings","collection_cat_id":"rings"}}},"block_order":["4b74bc70-7484-42b3-ba48-3b8140aa447f","2c08a7b6-7e0b-4d71-8fb8-38358d9d19d6","c4833f12-b373-4dde-82d7-96b54360c0be","2b019c22-4dc3-405d-b9d8-bc0438495494","8cadb356-1447-4719-938d-c2c3a96433e8"],"settings":{"enable_category":true,"title_1":"Category products","title_color":"#222222","enable_sidecategory":true,"linkedlist":"main-menu","linkedlist_title":"Categories","show_filter":true,"collapse_on_larger_devices":false,"enable_sorting":false,"enable_sidebar_multiple_choice":true,"show_best_products":true,"title":"Best seller","bestseller":"jwellery","pro_img_width_height":"80x104","limit":"6","product_rows":true,"promo_img":"shopify:\/\/shop_images\/left-banner-02_3cfc6dff-facb-40c6-b074-b53ed830287d.jpg","promo_link":"#","promo_title":""}}},"order":["collection"]}