{"sections":{"slideshow":{"type":"slideshow","blocks":{"1580215063672-0":{"type":"image","settings":{"image":"shopify:\/\/shop_images\/slider--05.jpg","image_link":"#","show_video":false,"video_url":"https:\/\/www.youtube.com\/watch?v=P00HwM_S_Js","title":"Find your next loved treasure","desc":"Amazing Deals. <br>\nRare & unique pieces.","btn_txt":"Shop Now","btn_link":"shopify:\/\/collections\/all","title_color":"#272727","desc_color":"#444444","btn_txt_color":"#272727","btn_hovertxt_color":"#ce465b","text_position":"left","text_effect":"right"}},"1580215063672-1":{"type":"image","disabled":true,"settings":{"image":"shopify:\/\/shop_images\/slider--02.jpg","image_link":"#","show_video":false,"video_url":"https:\/\/www.youtube.com\/watch?v=QMinLipeN3g","title":"Largest collections of pre owned and second hand jewellery","desc":"Cleaned & restored","btn_txt":"Shop Now","btn_link":"#","title_color":"#272727","desc_color":"#444444","btn_txt_color":"#272727","btn_hovertxt_color":"#ce465b","text_position":"left","text_effect":"right"}},"960f1481-f307-4739-87ea-b9f3a24162bf":{"type":"image","settings":{"image":"shopify:\/\/shop_images\/slider--04.jpg","image_link":"","show_video":false,"video_url":"","title":"Wedding rings","desc":"Explorevast selection of wedding rings for men and women","btn_txt":"shop now","btn_link":"shopify:\/\/collections\/wedding","title_color":"#272727","desc_color":"#444444","btn_txt_color":"#272727","btn_hovertxt_color":"#ce465b","text_position":"left","text_effect":"left"}}},"block_order":["1580215063672-0","1580215063672-1","960f1481-f307-4739-87ea-b9f3a24162bf"],"settings":{"slider_animation_type":"fade","slide_button_txt_color":"#ffffff","slide_button_txt_hover_color":"#ce465b"}},"category-feature":{"type":"category-feature","blocks":{"1622714104fc54d870-0":{"type":"text_collection","settings":{"image_1":"shopify:\/\/shop_images\/earrings-1003.jpg","collection_title":"Earrings","collection_cat_id":"earrings"}},"1d0c01a2-d68a-4089-b7a9-024ee2f38fd5":{"type":"text_collection","disabled":true,"settings":{"image_1":"shopify:\/\/shop_images\/9ct_Gold_Silver_filled_Chunky_Curb_Bracelet_1189.jpg","collection_title":"Bracelets","collection_cat_id":"bracelets-and-bangles"}},"d1b19b99-2fa5-44ac-8cbd-7bd64ea75ab5":{"type":"text_collection","settings":{"image_1":"shopify:\/\/shop_images\/1041.jpg","collection_title":"Rings","collection_cat_id":"rings"}},"38eb0770-9426-4520-ab73-806276acd695":{"type":"text_collection","disabled":true,"settings":{"image_1":"shopify:\/\/shop_images\/25941_b.jpg","collection_title":"Pendant","collection_cat_id":"pendants"}},"16650694-be0a-4348-a4af-699cafff4d2c":{"type":"text_collection","settings":{"image_1":"shopify:\/\/shop_images\/IMG_1869_400x_29817aa0-2369-4b90-b506-6c1502b66a2c.jpg","collection_title":"Watches","collection_cat_id":"watches"}},"1f85ee91-b4be-4bfc-a908-dbafad4a9e56":{"type":"text_collection","settings":{"image_1":"shopify:\/\/shop_images\/22CT_GOLD_NECKLACE_-_123G_004.jpg","collection_title":"Necklaces","collection_cat_id":"necklaces"}}},"block_order":["1622714104fc54d870-0","1d0c01a2-d68a-4089-b7a9-024ee2f38fd5","d1b19b99-2fa5-44ac-8cbd-7bd64ea75ab5","38eb0770-9426-4520-ab73-806276acd695","16650694-be0a-4348-a4af-699cafff4d2c","1f85ee91-b4be-4bfc-a908-dbafad4a9e56"],"settings":{"title":"Top Categories","image_content_bg_color":"#ffffff","title_color":"#111111","items_color":"#666666"}},"product-tab-model":{"type":"product-tab-model","blocks":{"1595656887930":{"type":"text_block","settings":{"title":"Gold rings for women","collection":"gold-rings-for-women"}},"1595650811758-0":{"type":"text_block","settings":{"title":"18ct Gold Rings","collection":"18ct-gold-rings"}},"1595656854289":{"type":"text_block","settings":{"title":"Pilots Watch","collection":"pilot-watches"}}},"block_order":["1595656887930","1595650811758-0","1595656854289"],"settings":{"product_rows":true,"product_col":"4","title":"New In Trends","title_clr":"#111111","subtitle_clr":"#666666","subtitle":"Add our new arrivals to your weekly lineup.","button_bg":"rgba(0,0,0,0)","button_text":"#222222","button_hover_bg":"#111111","button_hover_text":"#ffffff"}},"cms-parallax":{"type":"cms-parallax","settings":{"bg_color":"#f5f5f5","parallax_enable":true,"image":"shopify:\/\/shop_images\/slider--02.jpg","title":"Weekly Discount","title_color":"#272727","subtitle":"On All Designers Collection Shop","subtitle_color":"#444444","btn_txt":"Shop Now","btn_link":"shopify:\/\/collections\/weekly-discount","btn_txt_color":"#272727","btn_hover_txt_color":"#ce465b"}},"our_brand":{"type":"our_brand","disabled":true,"blocks":{"1605783755d6d9f598-0":{"type":"brand_image","settings":{"link":"#"}},"1605783755d6d9f598-1":{"type":"brand_image","settings":{"link":"#"}},"1605783755d6d9f598-2":{"type":"brand_image","settings":{"link":"#"}},"1605783755d6d9f598-3":{"type":"brand_image","settings":{"link":"#"}},"1605783755d6d9f598-4":{"type":"brand_image","settings":{"link":"#"}},"1605783755d6d9f598-5":{"type":"brand_image","settings":{"link":"#"}},"fe3f5195-5da5-4a16-b714-43fb3e5da4bd":{"type":"brand_image","settings":{"link":"#"}}},"block_order":["1605783755d6d9f598-0","1605783755d6d9f598-1","1605783755d6d9f598-2","1605783755d6d9f598-3","1605783755d6d9f598-4","1605783755d6d9f598-5","fe3f5195-5da5-4a16-b714-43fb3e5da4bd"],"settings":{"addclass":"brands","title":"","bg_color":"#ffffff"}},"1647325126351bc15a":{"type":"cms-subbanner2","settings":{"banner1_url":"#","text1_position":"right","banner1_title":"All New For Jewelry","banner1_title_color":"#ffffff","banner1_desc":"Gorgeous Collection of 2022","banner1_desc_color":"#222222","banner1_bg_color":"#ffffff","banner1_btn":"","btn1_txt_color":"#ffffff","btn1_bg_color":"#111111","btn1_hovertxt_color":"#ffffff","btn1_hoverbg_color":"#ce465b","banner2_url":"","text2_position":"center","banner2_title":"Save up to 35%","banner2_title_color":"#ffffff","banner2_desc":"on Black Friday Season","banner2_desc_color":"#bbbbbb","banner2_bg_color":"","banner2_btn":"Shop<br>Now","btn2_txt_color":"#222222","btn2_bg_color":"#ffffff","btn2_hovertxt_color":"#ffffff","btn2_hoverbg_color":"#ce465b","banner3_url":"","text3_position":"center","banner3_title":"Gold Earrings","banner3_title_color":"#272727","banner3_desc":"Discover Best Of Collection For Women's","banner3_desc_color":"#222222","banner3_bg_color":"#ffffff","banner3_btn":"","btn3_txt_color":"#ffffff","btn3_bg_color":"#111111","btn3_hovertxt_color":"#ffffff","btn3_hoverbg_color":"#ce465b"}},"special-product":{"type":"special-product","settings":{"title":"Special Products","title_color":"#111111","subtitle":"Add our new arrivals to your weekly lineup.","subtitle_color":"#666666","collection":"new-arrivals","product_col":"4"}},"feature-blogs":{"type":"feature-blogs","disabled":true,"settings":{"title":"Latest News","desc":"Add our new arrivals to your weekly lineup.","desc_color":"#777777","blog":"jwellery","blog_design":"design_3","product_col":"2","post_limit":"6","blog_btn_text":"#111111","blog_btn_hover_bg":"#222222","blog_hover_btn_text":"#ffffff","blog_date_color":"#666666","blog_bgdate_color":"#ffffff","show_view_all":false,"blog_show_date":true}},"gallery":{"type":"gallery","disabled":true,"blocks":{"6056c5f9-dcad-423f-abe7-ae1e3a254a64":{"type":"text","settings":{"gallery_url":"#"}},"820e96b5-397a-4413-afaa-28f551724373":{"type":"text","settings":{"gallery_url":"#"}},"b2b666f3-73df-4698-9520-be0f1e31d9c2":{"type":"text","settings":{"gallery_url":"#"}},"9a7b4702-a36f-4fd8-9cd1-57fd9d9e7af0":{"type":"text","settings":{"gallery_url":"#"}},"6fcee063-1f74-4c52-ba17-2cc1e2fad905":{"type":"text","settings":{"gallery_url":"#"}},"a1df8012-c7a8-4e7e-bc00-33e122ab0b84":{"type":"text","settings":{"gallery_url":"#"}}},"block_order":["6056c5f9-dcad-423f-abe7-ae1e3a254a64","820e96b5-397a-4413-afaa-28f551724373","b2b666f3-73df-4698-9520-be0f1e31d9c2","9a7b4702-a36f-4fd8-9cd1-57fd9d9e7af0","6fcee063-1f74-4c52-ba17-2cc1e2fad905","a1df8012-c7a8-4e7e-bc00-33e122ab0b84"],"settings":{"instagram_icon_color":"#ff5635","gallery_title":"","gallery_title_color":"#111111","gallery_subtitle":"","gallery_subtitle_color":"#666666"}},"cms-services":{"type":"cms-services","blocks":{"162463944776d2ae01-0":{"type":"s_text","settings":{"service_icon":"shopify:\/\/shop_images\/fast.png","title":"Free Shipping","desc":"Australia wide"}},"162463944776d2ae01-1":{"type":"s_text","settings":{"service_icon":"shopify:\/\/shop_images\/verify.png","title":"Secure Checkout","desc":"Hustle Free Shop"}},"162463944776d2ae01-2":{"type":"s_text","settings":{"service_icon":"shopify:\/\/shop_images\/user.png","title":"Money back","desc":"Guarantee"}},"162463944776d2ae01-3":{"type":"s_text","settings":{"service_icon":"shopify:\/\/shop_images\/strongbox.png","title":"Get Big Saving","desc":"On Exclusive Items"}}},"block_order":["162463944776d2ae01-0","162463944776d2ae01-1","162463944776d2ae01-2","162463944776d2ae01-3"],"settings":{"title_color":"#111111","title_hover_color":"#ce465b","desc_color":"#111111","icon_color":"#111111","icon_hover_color":"#ce465b"}}},"order":["slideshow","category-feature","product-tab-model","cms-parallax","our_brand","1647325126351bc15a","special-product","feature-blogs","gallery","cms-services"]}