{"sections":{"collection":{"type":"collection-24","blocks":{"4b74bc70-7484-42b3-ba48-3b8140aa447f":{"type":"text_collection","settings":{"collection_title":"Bag","collection_cat_id":"fashion"}},"2c08a7b6-7e0b-4d71-8fb8-38358d9d19d6":{"type":"text_collection","settings":{"collection_title":"Dress","collection_cat_id":"womens-wear"}},"c4833f12-b373-4dde-82d7-96b54360c0be":{"type":"text_collection","settings":{"collection_title":"Lingerie","collection_cat_id":"lingerie"}},"2b019c22-4dc3-405d-b9d8-bc0438495494":{"type":"text_collection","settings":{"collection_title":"Shirts & Pants","collection_cat_id":"dress"}},"8cadb356-1447-4719-938d-c2c3a96433e8":{"type":"text_collection","settings":{"collection_title":"Shoes","collection_cat_id":"shoes"}},"f568a83b-c39b-4c91-b893-d420bc727213":{"type":"text_collection","settings":{"collection_title":"Swimwear","collection_cat_id":"dress"}},"18e23bab-b6ad-467f-a0f1-2bba5f371723":{"type":"text_collection","settings":{"collection_title":"Outerwear","collection_cat_id":"outerwear"}}},"block_order":["4b74bc70-7484-42b3-ba48-3b8140aa447f","2c08a7b6-7e0b-4d71-8fb8-38358d9d19d6","c4833f12-b373-4dde-82d7-96b54360c0be","2b019c22-4dc3-405d-b9d8-bc0438495494","8cadb356-1447-4719-938d-c2c3a96433e8","f568a83b-c39b-4c91-b893-d420bc727213","18e23bab-b6ad-467f-a0f1-2bba5f371723"],"settings":{"enable_category":true,"title_1":"Category products","title_color":"#222222","enable_sidecategory":false,"linkedlist":"main-menu","linkedlist_title":"Categories","show_filter":true,"collapse_on_larger_devices":false,"enable_sorting":false,"enable_sidebar_multiple_choice":true,"show_best_products":false,"title":"Best seller","bestseller":"fashion","pro_img_width_height":"80x104","limit":"6","product_rows":true,"promo_link":"#","promo_title":""}}},"order":["collection"]}